{"Reg_loss":0.26526840851024575,"_timestamp":1.7418109332081945e+09,"_step":5509,"val_loss_epoch":2.3455464839935303,"epoch":4,"train_loss_iter":0.8351049423217773,"Dir_loss":0.05812302976846695,"_runtime":3809.095540704,"depth_loss":0.1785859763622284,"train_loss":1.8543006995591251,"Iou_loss":0,"_wandb":{"runtime":15855},"Conf_loss":0.5117134816081217}