{"Dir_loss":0.005553949158638716,"Gen_loss":0.006617210805416107,"Iou_loss":0,"val_loss_epoch":0.6433249519404137,"Reg_loss":0.15431892407892794,"_wandb":{"runtime":75503},"epoch":19,"depth_loss":0,"_runtime":73864.864296007,"Conf_loss":0.08009832949061968,"train_loss":0.44208952391085893,"train_loss_iter":0.24658840894699097,"_timestamp":1.7420357799077015e+09,"_step":63769}