{"_step":9,"epoch":4,"train_loss":0.40474318093196915,"_timestamp":1.7414858212697673e+09,"_runtime":5557.675678121,"val_loss_epoch":0.8169859647750854,"_wandb":{"runtime":7017}}