{"Conf_loss":2.5765046742205833,"Reg_loss":0.4573738133786327,"train_loss":11.785530944737522,"val_loss_epoch":4.04399299621582,"Dir_loss":0.13327734172344208,"_runtime":1026.782912802,"_timestamp":1.7414318465724933e+09,"depth_loss":0.3628752827644348,"train_loss_iter":3.8263704776763916,"epoch":0,"_wandb":{"runtime":2925},"Gen_loss":0.29633960127830505,"_step":1101,"Iou_loss":0}