{"depth_loss":0,"Conf_loss":3.6914463801978576,"Reg_loss":1.0072165547121221,"Iou_loss":0,"Gen_loss":4.405116558074951,"_timestamp":1.7414126504692292e+09,"train_loss_iter":9.336347579956055,"_wandb":{"runtime":29},"_runtime":27.939683044,"_step":14,"Dir_loss":0.23256821930408478}