{"depth_loss":0,"train_loss_iter":1258.5125732421875,"Gen_loss":0.12985818088054657,"Dir_loss":0.1585758924484253,"_wandb":{"runtime":25},"_step":0,"Conf_loss":1255.4731602186325,"_timestamp":1.7414136682998571e+09,"_runtime":24.792656452,"Iou_loss":0,"Reg_loss":2.750951223713761}