{"_wandb":{"runtime":18982},"epoch":4,"train_loss":1.4963215587897734,"_timestamp":1.741491112066467e+09,"_runtime":3812.656706581,"_step":7,"val_loss_epoch":1.3177396059036255}