{"Iou_loss":0,"_wandb":{"runtime":8586},"_step":4407,"Reg_loss":1.078660499656948,"val_loss_epoch":1.7591434717178345,"train_loss_iter":2.514753580093384,"Dir_loss":0.07143973559141159,"_timestamp":1.7414663082387466e+09,"_runtime":5838.479836116,"depth_loss":0.28974270820617676,"train_loss":2.0338198053836822,"Conf_loss":1.016528984298483,"Gen_loss":0.05838160216808319,"epoch":4}