{"Iou_loss":0,"_timestamp":1.7414128337145014e+09,"depth_loss":0,"train_loss_iter":29.29523277282715,"Conf_loss":26.371640013973558,"_step":5,"_runtime":26.166625373,"Dir_loss":0.0950993075966835,"_wandb":{"runtime":28},"Gen_loss":2.387472629547119,"Reg_loss":0.44102211555557197}