{"Dir_loss":0.027999792248010635,"_runtime":5550.342001627,"Iou_loss":0,"epoch":4,"train_loss":1.5073618078231812,"depth_loss":0.09990110248327255,"val_loss_epoch":2.2820606231689453,"Reg_loss":0.27052500471839425,"_step":5509,"train_loss_iter":0.6728097200393677,"_wandb":{"runtime":12914},"Gen_loss":0.04175501689314842,"_timestamp":1.7417997399180014e+09,"Conf_loss":0.23262881257902107}