{"train_loss":1.693290910558267,"val_loss_epoch":3.2054474353790283,"epoch":4,"_step":5509,"_wandb":{"runtime":9908},"_runtime":7374.173781996,"Reg_loss":0.4042696493014891,"depth_loss":0.24753645062446594,"Conf_loss":0.8275773800672996,"Iou_loss":0,"train_loss_iter":1.793633222579956,"_timestamp":1.7414579154141657e+09,"Gen_loss":0.12033302336931229,"Dir_loss":0.19391675293445587}