{"Dir_loss":0.025848058983683586,"train_loss":1.339508567696268,"epoch":9,"val_loss_epoch":3.340003490447998,"_timestamp":1.7418485866903343e+09,"_runtime":6786.292996586,"Iou_loss":0,"train_loss_iter":1.0843971967697144,"depth_loss":0.23584040999412537,"_wandb":{"runtime":22760},"_step":11019,"Conf_loss":0.66090823492569,"Reg_loss":0.3976409369023616}