{"depth_loss":0.1638338416814804,"_step":11019,"Gen_loss":0.026669271290302277,"epoch":9,"_wandb":{"runtime":12771},"train_loss_iter":0.662589430809021,"Reg_loss":0.2892081893414596,"_runtime":8046.020803818,"train_loss":1.1937727917053482,"val_loss_epoch":3.5209062099456787,"Conf_loss":0.17558831613527953,"Dir_loss":0.007289829198271036,"Iou_loss":0,"_timestamp":1.7418370518056438e+09}